original_url;shortened_url
https://www.facebook.com/photo?fbid=719950506915949&set=a.508715821372753&locale=vi_VN;https://tinyurl.com/TVTS2024-001
https://web.facebook.com/TVTS.UET.VNU/posts/pfbid02jX4fdtRk2PSofjuj7gUphVs4wgVhKA7y4VyGoXbE78gXFRdzFJDjqEoDBnWm6Z7Ul;https://tinyurl.com/TVTS2024-002
https://www.facebook.com/TVTS.UET.VNU/posts/pfbid08L9XZMkybzWsFi9bDg3q48CL9CqdpNFbbdSo5F7dBp1W3XhUty4kUTqmSRqDJdRdl;https://tinyurl.com/TVTS2024-003
https://www.facebook.com/photo?fbid=728981702679496&set=a.4816794348355958;https://tinyurl.com/TVTS2024-004
https://www.facebook.com/TVTS.UET.VNU/posts/pfbid02ZAjsGwQXLJy7x1bWzs9LSotjofnUpLBRvvSdJxrutg4ZWhNBfsQXPYdfofnSvmJal;https://tinyurl.com/TVTS2024-005
https://www.facebook.com/TVTS.UET.VNU/posts/pfbid02fSX4qG4uaDhm42H1fVJ2NyW5ytMbK2NtZ5ZFvz28Ytf9DXkKADBYjqxjMixiQtygl;https://tinyurl.com/TVTS2024-006
https://www.facebook.com/TVTS.UET.VNU/posts/pfbid035sJSXEc3UCenu4UowNQFWzww19v5PTofGyGZnGGuRDzFTC5SV2nw2nWtNoismPdCl;https://tinyurl.com/TVTS2024-007
https://www.facebook.com/TVTS.UET.VNU/posts/pfbid02oknrjUcm6DxdApkc6Q1mt4mhRgX4SeguoBUR5Tahqhf7wgk9eyxzgbjnWFduTi2fl;https://tinyurl.com/TVTS2024-008
https://www.facebook.com/TVTS.UET.VNU/posts/pfbid031QFsgga8aRBECE9oK7g7wrgCaU5LFCER8aFESv8xeb59JQBBiFvKGjG4pKNXNA2vl;https://tinyurl.com/TVTS2024-009
https://www.facebook.com/TVTS.UET.VNU/posts/pfbid02pyzr4ZGDkBh5vFsb9PdsvKXgDSQuVAWcMTpURWEW7fQjikBM6XrXsHymWxt3MfT2l;https://tinyurl.com/TVTS2024-010
https://www.facebook.com/TVTS.UET.VNU/videos/938691644570462;https://tinyurl.com/TVTS2024-011
https://fb.watch/qZodU8KVuT/;https://tinyurl.com/TVTS2024-012
https://www.facebook.com/TVTS.UET.VNU/posts/pfbid0GPuDdutDQT1L5P5Q14FJKD7YbQU1UtCjrbCJ1xpkFu5CYtzz3JiSTF9FzMhc8nJ8l;https://tinyurl.com/TVTS2024-013
https://www.facebook.com/TVTS.UET.VNU/posts/pfbid02Sbw1Go1yRZ9D8qedDwDZqcF29CfggKCEgT1BRTWBu1gNgcwv37iXrvW4eQR3ET72l;https://tinyurl.com/TVTS2024-014
https://www.facebook.com/story.php?story_fbid=738887698355563&id=100067030188993&rdid=3JcYkn6l93eIIM5u;https://tinyurl.com/TVTS2024-015
https://www.facebook.com/share/p/t7g8ENAWjJSGkmZ2/?mibextid=Nif5oz;https://tinyurl.com/TVTS2024-016
https://www.facebook.com/TVTS.UET.VNU/posts/pfbid02j9217GaTEtFwvXLPTDseNuqQvX2nk6HTQf7bNngpxhXadR2iN2fLVNf34dtUCDTAl;https://tinyurl.com/TVTS2024-017
https://www.facebook.com/groups/uet.tvts/posts/2683975665102762/;https://tinyurl.com/TVTS2024-018
https://www.facebook.com/TVTS.UET.VNU/posts/pfbid02DvjY22BHsnBwZCF6EXPNT2kqVCaVqZAaDCNV1DHwM4Ww5SWYSmKkgGwoYKY5625Wl;https://tinyurl.com/TVTS2024-019
https://www.facebook.com/TVTS.UET.VNU/posts/pfbid0kHe91Ed3Y1idAsG9mBnAEBZnDTnA5vnMg5U2S2yZz2xUcQRkwvcTL9U9YMNy75XPl;https://tinyurl.com/TVTS2024-020
https://www.facebook.com/TVTS.UET.VNU/posts/pfbid0kHe91Ed3Y1idAsG9mBnAEBZnDTnA5vnMg5U2S2yZz2xUcQRkwvcTL9U9YMNy75XPl;https://tinyurl.com/TVTS2024-021
https://www.facebook.com/photo?fbid=746022957642037&set=a.4816794348355958;https://tinyurl.com/TVTS2024-022
https://www.facebook.com/photo/?fbid=746209567623376&set=a.4816794348355958;https://tinyurl.com/TVTS2024-023
https://www.facebook.com/TVTS.UET.VNU/posts/pfbid02jW6r5gCNAq2jPPq5xsV2o9ASG3jRNrRbuY8xoC1WMQyj2Hqif8NBMEzFaDxshia5l;https://tinyurl.com/TVTS2024-024
https://www.facebook.com/TVTS.UET.VNU/posts/pfbid0duRNUNGZZNdtVgeGjKa5ZCwWCCHwXRhoS1obk73TYwSda2fD3J5mQExyWQYPp5KZl;https://tinyurl.com/TVTS2024-025
https://www.facebook.com/TVTS.UET.VNU/posts/pfbid02UR1BiLyz2F2vFb7yaQqFFAVmehjU8FCF2oQw8ZTZ5zYmFXXzY3PgByyBG99tU6NEl;https://tinyurl.com/TVTS2024-026
https://www.facebook.com/TVTS.UET.VNU/posts/pfbid02UR1BiLyz2F2vFb7yaQqFFAVmehjU8FCF2oQw8ZTZ5zYmFXXzY3PgByyBG99tU6NEl;https://tinyurl.com/TVTS2024-027
https://www.facebook.com/share/p/KFtRre3MUjisHWsP/?mibextid=oFDknk;https://tinyurl.com/TVTS2024-028
https://www.facebook.com/TVTS.UET.VNU/posts/pfbid0E5G5k3pazZS5RXq8F3bS9TJ3noceZReMXV1EM1zqdqAVB3qNrDrstUSYppGbSxFkl;https://tinyurl.com/TVTS2024-029
https://www.facebook.com/TVTS.UET.VNU/posts/pfbid0wfAjbNyq515o2A54P2DsdDkkoctYncN1G1SYBN9LAgcaTmxwFAhRwSQmK1JHqYm3l;https://tinyurl.com/TVTS2024-030
https://www.facebook.com/TVTS.UET.VNU/posts/pfbid0Qbe59sntCrGP5KTRtGRoUgKsWrhe9ufGjvdQaLKAcprfpzVxbWjHbKQZr8GNgYKml;https://tinyurl.com/TVTS2024-031
https://www.facebook.com/TVTS.UET.VNU/posts/pfbid0vMP4H5bFBJZDtAynLeqV73raYiQTawdyLcBHyW78DE4WVwoEQBiDLxSUrCzDN4Xfl;https://tinyurl.com/TVTS2024-032
https://www.facebook.com/photo/?fbid=757617093149290&set=a.4816794348355958;https://tinyurl.com/TVTS2024-033
https://www.facebook.com/TVTS.UET.VNU/videos/1116140912889875;https://tinyurl.com/TVTS2024-034
https://www.facebook.com/TVTS.UET.VNU/posts/pfbid0kEbeWnssvcEUGjggW6v5N6wgZ29mtpDdArnYYPevjtT67HtSUAzCuihTTUUbvjKql;https://tinyurl.com/TVTS2024-035
https://www.facebook.com/TVTS.UET.VNU/posts/pfbid0koubhqiEv9ZhTxV4hcc3xhPf5BZUr1oJ1DjjiYWL5tGyLrapF6FiWVUHhxX2tWyml;https://tinyurl.com/TVTS2024-036
https://www.facebook.com/TVTS.UET.VNU/posts/pfbid0cMSpQ8UbHgToLD6zPoCZsdowqL5RFFCTgvx4czhRC28k93XvuhYUMnANouvVT2i4l;https://tinyurl.com/TVTS2024-037
https://www.facebook.com/TVTS.UET.VNU/posts/pfbid035ipBRvHjYs2K5vxpCGjsN9ibXLD9aUgPacEhQcDDKDG7cynUcw7meH3dMfNrgd8Nl;https://tinyurl.com/TVTS2024-038
https://www.facebook.com/share/p/GvKETGwsGoHaqn3R/?mibextid=oFDknk;https://tinyurl.com/TVTS2024-039
https://www.facebook.com/TVTS.UET.VNU/posts/pfbid08Vnv4LCxfjnb7gPtJCCnob9ptVTnUQqxaQuFGhMG6Yd4w42kduLtE6GJkwG4Kai9l;https://tinyurl.com/TVTS2024-040
https://www.facebook.com/TVTS.UET.VNU/posts/pfbid034fYmyvoUFbftn3pNT4K2m5mgiJS7BeHLJ8ZvwSEfYLmqFWMQCS8Q16U3vjzbRr8El;https://tinyurl.com/TVTS2024-041
https://www.facebook.com/TVTS.UET.VNU/posts/pfbid02HaHzXQXNkLL7Q947rE29vFeuiQfXQqaTB8fMPF8PbTCEMq3SHrU8yFWCoVKceqnKl;https://tinyurl.com/TVTS2024-042
https://www.facebook.com/TVTS.UET.VNU/posts/pfbid026jgWqnq2QnLd6YUeHKykWH1cPKsVzZAxDUKwvsFr8ePSdNre3A6sfwynk9J8QMscl;https://tinyurl.com/TVTS2024-043
https://www.facebook.com/TVTS.UET.VNU/posts/pfbid06REDnwNn9LpBADduhpYJmiZGKm757twfz3Fbr7Dy8iczzF82KEo7JFLTrsZAe6h5l;https://tinyurl.com/TVTS2024-044
https://www.facebook.com/TVTS.UET.VNU/posts/pfbid02tRzqxxQtA4mB2AyGB34BPYrhi5N9uPay2oq4vWAGWmjzujUtMstftqUht8VdCiRBl;https://tinyurl.com/TVTS2024-045
https://www.facebook.com/TVTS.UET.VNU/posts/pfbid0t3wNg1DUDd4XqRhcJpMd8Dfs8Nn5zTag1MHkyQrLm5ZaFSGGC2QAtaeP3mz2eKmWl;https://tinyurl.com/TVTS2024-046
https://www.facebook.com/TVTS.UET.VNU/posts/pfbid02XjzraWfUurBMXoHaLe3Z2W7AyRY9H1S7HbtZ4jkSqdqGfMUtJgsqw1YoVzx8mdPxl;https://tinyurl.com/TVTS2024-047
https://www.facebook.com/TVTS.UET.VNU/posts/pfbid0Cj64qw466V8Pc1yWvoocchnPNeYW8vG9viVotN5gtuuwBRa8GTDwmsxVAmvfDVphl;https://tinyurl.com/TVTS2024-048
https://www.facebook.com/share/p/b5yQ8rz5nBtPKcLY/;https://tinyurl.com/TVTS2024-049
https://www.facebook.com/share/p/KhKbu1ons2wQHRAR/?mibextid=oFDknk;https://tinyurl.com/TVTS2024-050
https://www.facebook.com/photo/?fbid=778386781072321&set=pb.100067030188993.-2207520000;https://tinyurl.com/TVTS2024-051
https://www.facebook.com/photo/?fbid=780613227516343&set=pb.100067030188993.-2207520000;https://tinyurl.com/TVTS2024-052
https://www.facebook.com/share/p/c8xMnLdZPoQTX6GX/;https://tinyurl.com/TVTS2024-053
https://www.facebook.com/share/v/fSzYaGCzoSAFZH9Z/?mibextid=oFDknk;https://tinyurl.com/TVTS2024-054
https://www.facebook.com/share/p/CRe4dvAoZchixSCP/?mibextid=oFDknk;https://tinyurl.com/TVTS2024-055
https://www.facebook.com/TVTS.UET.VNU/videos/1937702426659853;https://tinyurl.com/TVTS2024-056
https://www.facebook.com/TVTS.UET.VNU/posts/pfbid037Ac4TBUDW6hw3Lz8oWSvug2ioYxzjfvuTvSBEgTcn1UQFdBiQrbs2Xu1m5XXsq9al;https://tinyurl.com/TVTS2024-057
https://www.facebook.com/share/p/pLkN8sWadtGaL3uZ/;https://tinyurl.com/TVTS2024-058
https://www.facebook.com/share/p/ZJ5RaTkDehhAe7eA/;https://tinyurl.com/TVTS2024-059
https://www.facebook.com/share/p/yp3cLxwe232uzpRd/;https://tinyurl.com/TVTS2024-060
https://www.facebook.com/share/p/Xzfdyyzw3RCPTXCH/?mibextid=oFDknk;https://tinyurl.com/TVTS2024-061
https://fb.watch/tlVrUuWMBX/;https://tinyurl.com/TVTS2024-062
https://www.facebook.com/TVTS.UET.VNU/posts/pfbid0dxkPbuJyzxd8eAH6RxkFGk1P8gkXJd7A4rfZ37grVtR9jMWCoN1BvR2YumsndWsLl;https://tinyurl.com/TVTS2024-063
https://fb.watch/tlVnHN5GwS/;https://tinyurl.com/TVTS2024-064
https://www.facebook.com/share/v/KGdPkbcLLnE7cEDd/;https://tinyurl.com/TVTS2024-065
https://www.facebook.com/share/p/1ohE4pUvFov5rezg/;https://tinyurl.com/TVTS2024-066
https://www.facebook.com/share/p/Pwuyhe6RytxadgGD/;https://tinyurl.com/TVTS2024-067
https://www.facebook.com/share/p/g5eDLd27bVTRyNAp/;https://tinyurl.com/TVTS2024-068
https://www.facebook.com/share/p/AbqVNxnHjyn1nHcA/;https://tinyurl.com/TVTS2024-069
https://www.facebook.com/share/p/DN9rgLFGfNYR9jgs/;https://tinyurl.com/TVTS2024-070
https://www.facebook.com/share/p/GZx6dhcECseqHoiG/;https://tinyurl.com/TVTS2024-071
https://www.facebook.com/share/p/xADW2q1P3YEw9FW2/;https://tinyurl.com/TVTS2024-072
https://www.facebook.com/share/p/KoxsyqM5iUGKcNEJ/;https://tinyurl.com/TVTS2024-073
https://www.facebook.com/share/p/1Dk2tSzGxEp3v6EY/;https://tinyurl.com/TVTS2024-074
https://www.facebook.com/photo/?fbid=2275902069431010&set=gm.2766043023562692&idorvanity=426349504198734;https://tinyurl.com/TVTS2024-075
https://www.facebook.com/share/p/VLbtPvcqjepY2jeo/;https://tinyurl.com/TVTS2024-076
https://www.facebook.com/share/p/5CyoQVSBDaMDYz8H/;https://tinyurl.com/TVTS2024-077
https://www.facebook.com/share/p/WEviMdqz4nduXVmE/;https://tinyurl.com/TVTS2024-078
https://www.facebook.com/share/p/VQt3Ko7teWJhi2uU/;https://tinyurl.com/TVTS2024-079
https://www.facebook.com/share/p/LHfENFooJWL6wXEL/;https://tinyurl.com/TVTS2024-080
https://www.facebook.com/groups/uet.tvts/permalink/2771868069646854/;https://tinyurl.com/TVTS2024-081
https://www.facebook.com/share/p/YKuWARdvsfMrdcUT/;https://tinyurl.com/TVTS2024-082
https://www.facebook.com/groups/uet.tvts/permalink/2778267882340206/;https://tinyurl.com/TVTS2024-083
https://www.facebook.com/TVTS.UET.VNU/posts/pfbid02pSQjTjLsbeSyFpTEJtrG76ddDNy6R5vonevUvFRubL1imgenPvNcRVkghMupxqpPl;https://tinyurl.com/TVTS2024-084
https://www.facebook.com/TVTS.UET.VNU/posts/pfbid02roq3Y7usLURXeomj3f7atuSzhrAe6n9k3Vqiffg8UCtLR15cEyoUEeVQxkkaM22vl?__cft__[0]=AZWVGpaKVqxAeZdlKCFcIE8ArFMgzT1EKlSNkCgijqsRiDg27OZsALSonNJmCpTWQ9zm7I69CrtMg7CQuIoYPWTYs2UVNtV-g7a4Isdi1PqFZUcaeefPTM2IyFVR2lHrUFvxj77ixcBHz0iTaVkX4j9pY5z7F0huBTxoCw2NC6aMinL3AlATM_7Haah4uSPUNa8&__tn__=%2CO%2CP-R;https://tinyurl.com/TVTS2024-085
https://www.facebook.com/TVTS.UET.VNU/posts/pfbid0CsaECxXX4ik5UEkq9LPLKHamfMrJigUwY88cYXKLvRZ2uZsSnBgLs95D25M8is61l?__cft__[0]=AZUgK6_ktgPJAM1soKZdggdcstNeeaDpOPBmpzmnY0UK2ADANTmJ5gZkzWsbKtnW9iFQYTljmj7G0rxcCgcFPkd0vLhsW4J2_i-vnsxpHGr1N6yvbIscF93veoq0yOB5ow-32HieVuq6Ff-i5rP0EdJWCxpE4ptd6t4gVx-BVWddQoItlLhK0MK5n5HdrfdAcbs&__tn__=%2CO%2CP-R;https://tinyurl.com/TVTS2024-086
https://www.facebook.com/groups/uet.tvts/permalink/2784541188379542/;https://tinyurl.com/TVTS2024-087
https://www.facebook.com/TVTS.UET.VNU/posts/pfbid02csEhpLDRr6ezmP8CSuBjUDLdFMArprZx55mZcK3nCdqnoQTiYbv1bKwk7tKhyEZ4l;https://tinyurl.com/TVTS2024-088
https://www.facebook.com/TVTS.UET.VNU/posts/pfbid0ZXiaxRixD467nUVhNZhxTosq8NCU4uQkBhioMnakZJ5YC16JK6haaNGnFBXqj3cvl;https://tinyurl.com/TVTS2024-089
https://www.facebook.com/TVTS.UET.VNU/posts/pfbid0GLdTx4zcCBLD7EhUKxS64aKDUWgnU7344hk2ggSJDjd7LQh3kqarg77tjYQFvC5Sl;https://tinyurl.com/TVTS2024-090
https://www.facebook.com/share/p/2ASqxpVtKDhV1E1H/;https://tinyurl.com/TVTS2024-091
https://www.facebook.com/photo?fbid=820424656868533&set=a.508715821372753;https://tinyurl.com/TVTS2024-092
https://www.facebook.com/share/p/BoQiALFc7L2zQM71/;https://tinyurl.com/TVTS2024-093
https://www.facebook.com/TVTS.UET.VNU/posts/pfbid02KG6QSJjA92jGxF64kkp8Nvkuw488sHchWAVo7iSrNBKHwePW6zCKyRQUvhvz48egl;https://tinyurl.com/TVTS2024-094
https://www.facebook.com/TVTS.UET.VNU/posts/pfbid0YF8LW1Et8XU41fRSXAX2AuhJWzZHH5d9wQHb55kPUbUM1ArpZxaZwUvmwgXoTk3Xl;https://tinyurl.com/TVTS2024-095
https://www.facebook.com/share/p/C2jpy6yeenzcwaAL/;https://tinyurl.com/TVTS2024-096
https://www.facebook.com/TVTS.UET.VNU/posts/pfbid0F5ME65ZqFu3xqsZ5EfHEEeFqrGBCvWRs5Kn6Nny2V6qqJDqHQXoKokaMsFybV6XXl;https://tinyurl.com/TVTS2024-097
https://www.facebook.com/TVTS.UET.VNU/posts/pfbid0yPX4URyFaTuhwiFrufe6qWsiMSgsJqmZmBYr9hY1F4LA2oUwVmJML5PkQpXavuewl;https://tinyurl.com/TVTS2024-098
https://www.facebook.com/share/p/P2fAzE1E8MKoNZfR/;https://tinyurl.com/TVTS2024-099
https://www.facebook.com/TVTS.UET.VNU/posts/pfbid02ZUDqEig14tTP443nzS1NNz1BYVLJUJTKFHgFFwJGgEKYmnVUniCeiomG5bUnx9Xml;https://tinyurl.com/TVTS2024-100
https://www.facebook.com/TVTS.UET.VNU/posts/pfbid0LbLPhtwVP5JxseyfsBkmMoU1QDV9rEMpAbbsnhSyrCvFFMJ7sfd8k3dvoKrjCsnKl;https://tinyurl.com/TVTS2024-101
https://www.facebook.com/TVTS.UET.VNU/posts/pfbid0GQEVakuAqERS4zLA39eywrGeoN6ns75ZguCCnCctMPybsq2PWRtRaSYSdhZm3LVnl;https://tinyurl.com/TVTS2024-102
https://www.facebook.com/reel/1878260069339334;https://tinyurl.com/TVTS2024-103
https://www.facebook.com/TVTS.UET.VNU/posts/pfbid02Gn5J7Jb2uuvSsJdLhQfcwatdWb6XDnPniXNKD3cbiuERN1x5Q5YYuzebeKgEnmmAl;https://tinyurl.com/TVTS2024-104
https://www.facebook.com/reel/1511484642907425;https://tinyurl.com/TVTS2024-105
https://www.facebook.com/TVTS.UET.VNU/posts/pfbid02WR5omE8f6KxyT4xFXYtMV1fSou259Et4hUz8FUQJs4HecNa1rrns5ogDS6Vpowepl;https://tinyurl.com/TVTS2024-106
https://www.facebook.com/TVTS.UET.VNU/posts/pfbid03JEtePhYJk5XB6zpNRVoisCwigKfLW1VDT9kK1oxG6kiUbf2e9GZRXMYd2FLm9Scl;https://tinyurl.com/TVTS2024-107
https://www.facebook.com/groups/uet.tvts/permalink/2798401160326878/;https://tinyurl.com/TVTS2024-108
https://www.facebook.com/TVTS.UET.VNU/posts/pfbid06sxWjsCt4o8fFquG6tHhoBBtyrBBE5z2rmvTLLQ1GKGQZpFxHcbLNfUYYVnHNCYGl;https://tinyurl.com/TVTS2024-109
https://www.facebook.com/TVTS.UET.VNU/posts/pfbid0WEvmCNCgMBE5CyAKjLqCAhyUS15UHNqgofXdzSHUFkVqDXMjav8XSiP6En28uqx6l;https://tinyurl.com/TVTS2024-110
https://www.facebook.com/TVTS.UET.VNU/posts/pfbid0EYmeuLEwKETxPfKbVA2kQH35VnAGLA4AcnkzoYnNyQGq9hhszRVZWv2W5MsVpndYl;https://tinyurl.com/TVTS2024-111
https://www.facebook.com/TVTS.UET.VNU/posts/pfbid0213Booy7pq5o2usPhT1d8G1bSX348G7AtRRfEbapLKD3g5HYkmxVF7k5orcnFVUPml;https://tinyurl.com/TVTS2024-112
https://www.facebook.com/TVTS.UET.VNU/posts/pfbid02ZuEMu8WPfcymURpuxLpHbeQ2pLWWnJDBsjXTdzF1NHMQAzXGS9WGkwxU6Pq6KYSml;https://tinyurl.com/TVTS2024-113
https://www.facebook.com/photo/?fbid=2307383112949572&set=gm.2803234193176908&idorvanity=426349504198734;https://tinyurl.com/TVTS2024-114
https://www.facebook.com/TVTS.UET.VNU/posts/pfbid02tjmaurWrv39dfNkKcu8BQtcbZujo8hzhkooDDKCVi8nJcFty4D5YNfb4wQkWhNHWl;https://tinyurl.com/TVTS2024-115
https://www.facebook.com/TVTS.UET.VNU/posts/pfbid0wEukhBpQJvYeQHwdwDggqM5ynNfKVyNJwcqu2MDv7gUYya1GGSgJQNJueeAwnafhl;https://tinyurl.com/TVTS2024-116
https://www.facebook.com/TVTS.UET.VNU/posts/pfbid0uPEFFMecwPrASgCTboiuiw1YmJ1JGU4A1Upp6596Rme453nAkgxQZAYauKUixpJol;https://tinyurl.com/TVTS2024-117
https://www.facebook.com/watch/?v=1049746930486925;https://tinyurl.com/TVTS2024-118
https://www.facebook.com/TVTS.UET.VNU/posts/pfbid02Y2MCgJgBvSYb32LQXmk2FSj6i3yXAxJvxc7G7EpnUv33g3YUAwGc7c8mRyVZ6Xiil;https://tinyurl.com/TVTS2024-119
https://www.facebook.com/TVTS.UET.VNU/posts/pfbid02vNEf3AMuxGqL9saNpxkCkzZ4z9EBd88X2frLiCn8wUqNZe2T4srcxZZkYh2LezRcl;https://tinyurl.com/TVTS2024-120